id,company_id,deal_id,plan_name,mrr_usd,billing_cycle,term_months,started_at,ended_at,churn_reason
bb047d9c-ac5c-42ac-93c2-3b127a6c0f5c,e739e75e-2a2c-43fe-81c5-b3b665061821,5d74aa43-7cd7-42a7-9686-f018a98248fa,Starter,99,monthly,12,2022-05-15,,
3fc45f8e-fbc3-4c20-9cbe-77b202f2bfcc,c96bb386-5ca6-43d9-83b5-f471149a2500,9af4d33d-e244-452d-8d03-0c37f1ebdc16,Business,639,annual,24,2022-11-18,,
87bef072-5862-4926-ac77-c5a8a63704e7,9c04e715-2924-4518-84cb-f6e81ae781a4,24ba67d7-dc60-40e5-8a4a-6b8782bebf33,Starter,99,monthly,12,2024-06-02,2025-05-28,unknown
d9d59fae-ee69-420a-b21b-2d3b28759ea9,cd5fced3-13f6-43cf-89f8-73e02a39f54c,2e6e569c-b45d-4a34-a028-9efeaf65a457,Starter,79,annual,12,2025-02-28,2026-02-23,unknown
3fded57e-16c9-401b-86e6-61f4f78f5084,1d3e2c5e-4039-4c63-a08f-d0696a9423b4,feaa122b-29b5-4ec1-ade4-2e770fb6f579,Growth,239,annual,12,2025-10-18,,
2ac8b955-151b-41e7-a8e9-0a47e313a708,4783a54b-b4a1-4e09-bbf0-3e8f7fdbd4d2,a6e73dbf-0dc8-46ab-83fb-627b1c5df84d,Growth,239,annual,24,2026-03-04,,
df25458a-fd03-479b-b20e-e68d76984647,12b4f2ed-1466-42ad-8e08-1edb077d418d,8857ab74-ce44-4a70-a738-3c0bb390a0ce,Growth,299,monthly,6,2022-06-17,,
3247ef77-9a02-40bc-9ba0-02ddf5b0e6db,703cbbbb-6282-4278-a219-7a72f1cc6682,02da0177-ebde-4439-baf8-245adb87466e,Growth,299,monthly,6,2022-11-09,,
92da6c75-99f7-4e86-8bba-6e83760a3974,b1204e47-645c-4594-8e23-89a87699c639,3872ed85-f0cb-4b63-ac8f-8b8f927bdfb7,Business,799,monthly,12,2024-10-02,,
e553c123-8d42-4dee-80d8-dc24bfca65af,7f7579e0-1d96-4e7a-8ef2-3321c2127d2e,7c66fc91-1056-40c5-af84-4746d117064b,Growth,239,annual,12,2025-04-01,2026-03-27,involuntary_payment
2c49d5bf-bcff-4f85-8843-4ec6c7f22d88,72b9e403-0ea5-4989-9d21-6237a1e94045,776ec0ba-c97d-4ffe-bdcf-2583fa373c7d,Business,799,monthly,12,2025-12-01,,
7993ea71-4404-442a-8e77-66721e5204d4,d7aa65dc-bc40-4e8e-9401-dd077b5094d5,37b7b7ab-cb78-404f-bfb3-e8aaa7e36656,Business,639,annual,12,2026-02-27,2027-02-22,voluntary_no_usage
a32e1ad9-c7e7-47d6-888b-90d19485ea08,ad59dbc2-d414-45b9-8368-35937435f8be,2e32a813-2111-480b-a7a9-fc6159f7ddd8,Growth,299,monthly,12,2022-07-18,,
9e293323-d8c2-4e9f-86a0-8fe2c1ddc2b9,a87c772b-087d-4f2c-b123-05df9b0d68fb,523bac4c-bece-40aa-ab54-a77d17245e0d,Growth,299,monthly,6,2023-04-01,,
4d6adbb5-3d33-408c-aa40-1a0c435b7920,c58707dd-8596-4a54-b2b6-a96405b8ccbc,44f112a6-ce00-4a5d-9755-46be891e9320,Growth,299,monthly,12,2024-06-16,,
d18a0281-cdd1-4d45-9996-cc6cb38f0035,60def4d7-a92e-4943-96a8-e563c8ef5abb,ee000bad-aafe-4905-8d72-4762e85ff977,Business,799,monthly,12,2025-04-26,,
98394c5e-be04-4872-af49-a033bf7f97fe,7a7c719f-2682-4ece-8b37-e1347c657a1f,4ac86c9b-e748-4fe6-9d83-b1de36526a2d,Enterprise,1599,annual,24,2025-12-20,,
c50fe009-ce07-4db9-8c2d-7f9b2c3a2287,74c838fc-3911-4e59-b0e8-7ede5f03599a,ab3995c2-5609-4237-86d2-5ed7a9164ffd,Starter,79,annual,12,2026-05-10,,
7c1e87d6-22fe-4b7c-a0a8-20715593fdf4,5f8e2576-c80f-47d5-8e13-21101c9b2a6e,484c1866-544e-482d-9a56-4fd5106f9069,Business,639,annual,24,2022-05-24,,
1a73f2b0-6b57-4fb4-8eb2-bcf2f48547a0,78a5dd78-c41b-4644-ab6e-e1aee1f1a8d7,c6498216-f05e-4ced-a827-62e1698059fc,Starter,99,monthly,6,2022-08-19,2023-02-15,voluntary_competitor
ce267a51-8f4f-4119-bbea-2ab16886d9b2,3af3362b-9786-49e0-9a1e-7d81bb0ab7fb,14488032-372d-46a3-a379-67a98b5c1463,Business,799,monthly,12,2023-10-28,,
208acf5e-756e-48fe-a063-3c19606ca417,b237d6f6-7a03-446f-aaac-e681084fc83c,a8ba86f7-ebc0-4b8c-a515-54ea904aa253,Business,799,monthly,12,2024-11-06,2025-11-01,voluntary_pricing
5670381a-d4b7-4f27-93a1-d4c6b5045830,3c4dafae-2b02-46f0-b732-572bdb1c4a0c,95807aa2-569b-4de4-af5d-275d1699eb2a,Starter,79,annual,12,2026-03-06,,
642a5734-b7f9-4ff8-8588-7f81db4eca57,dc044c4f-ebc5-42c7-9235-024c96c6100a,1ca8e514-c5e3-4ccc-b234-119d585aad7b,Growth,299,monthly,6,2026-02-21,,
6e8051af-7476-42f4-9005-0cb069ab5ec0,ab8f65d5-12c7-4f37-9387-550aa68e4f21,971ef5a4-a296-4b56-825a-873ca4f77e01,Business,639,annual,12,2022-06-17,,
178e5b4e-a669-4211-b3d8-ca2bbc4e3f44,33eaa375-b9a6-443b-ab08-fc34cc41971a,9333b390-c001-48c4-b62b-406287ff5ed9,Growth,299,monthly,12,2022-11-27,2023-11-22,unknown
1ec60acd-9ab9-478b-8b0f-fc59e31751eb,c99571cb-96ec-443a-af64-184a404dfb99,2c6be004-48c3-427a-9126-91975fed450b,Business,799,monthly,12,2024-04-17,,
e42af5ce-f0b9-4ff8-906d-a44141696a94,36fc29c7-838f-41c6-ad2b-267439761c81,bfb913bb-80ee-4933-bb1b-609b4bdd5826,Growth,299,monthly,6,2025-03-17,2025-09-13,unknown
5e5b96c0-d0a8-45af-9a62-fe0c7f9b8749,545370c8-83af-4b21-babb-064a48591cb8,ca7dfec2-d57b-4c92-a169-0e1d0c92748d,Growth,299,monthly,12,2026-01-21,,
be64a975-22b7-4de1-b67f-6f80c0067899,9376d1ea-2600-40cc-99fb-35300bcdea39,93cf4753-7a35-4773-805b-cf1fe87ed3a0,Business,799,monthly,12,2026-02-24,,
04e9d123-07ff-4066-832a-fd65082b842c,7da3ae35-1e83-48f0-8630-a17180b5ea79,c04fdcc4-90d8-4935-a5f6-4d67dba8dca5,Growth,239,annual,12,2022-07-19,,
74c16d94-e2ad-4b95-bf5a-5506153b8d2e,b7b4bc02-3f4b-4df4-ae4c-b4fddbddbf5d,409bb3eb-698b-4c12-a61a-0e99e8939762,Growth,299,monthly,12,2023-01-14,,
63b17871-f0ff-4fab-9111-df18f3bc29fc,2ffe5941-748e-4970-a913-f9e30e7d516b,2e0c21a0-fa9d-490a-b2c9-70f597e25442,Growth,299,monthly,6,2024-01-20,,
13fd3949-1b3b-442d-ad9c-b06a557066a0,a5a64411-25a0-4070-aa61-15d827974c42,714d4b56-6ddf-4167-b105-fe3523647af3,Starter,99,monthly,12,2025-05-01,,
e3ee26be-f7d6-4f42-98af-86ebc44a3e41,da1df2ca-d326-4b37-8385-ff22a6d64d10,0905d376-b2e6-4c62-bf4b-69717d0e0751,Growth,299,monthly,12,2025-11-26,,
e7c5f021-fbb0-4e2d-b187-775ead2b0736,00907667-7625-40f3-bf44-59f2290cb639,80ec43cb-6743-4442-b41b-cdf02afb06ca,Growth,239,annual,24,2026-03-06,,
68e2cbf1-bb0b-4f23-8f69-dba6c1402963,99827d34-ee7b-4fdc-8edf-70ce1e11d5c7,d265f791-cfcb-402d-8fa5-8defbacb142a,Business,639,annual,24,2022-08-04,,
75487953-324c-4c87-9f35-d62ad31e33a5,860703b3-63c1-4846-92a6-40e0986abdeb,d3299e89-2136-4763-b3da-38cbacb8cfd9,Growth,239,annual,24,2023-01-19,,
906fbec2-e71e-41d6-8dab-0b888879d2d2,6b87f226-e633-4f6f-b029-77ad9a99f8d8,8ed2f305-b0ca-40a5-aaec-a234bc4e9826,Business,639,annual,24,2023-11-06,,
38c09dc9-0a81-409f-bf7b-d3e4d2cbf964,14dc0617-4327-4ebd-94a6-2b135362a054,94f8864a-44b1-4b83-ae82-036476e85393,Starter,79,annual,12,2025-04-29,,
02453155-7c42-42fc-9c5e-935d9d87be2c,1abec931-02ad-45c4-8f3e-85349b04b19c,0077f4dd-e32c-4ce4-bc85-1626a9c1ce7b,Starter,99,monthly,12,2026-01-30,,
664094ba-97e1-40f3-bc7d-326fba20d2ba,75907a9f-ce64-4f41-9f80-6a987ab34397,e048b28a-8854-4ad2-9015-637a74dc22fb,Starter,79,annual,12,2026-02-04,,
117749b7-a9dd-43ff-8f05-97a92cf7044e,40184e52-1dd6-40a9-b704-35b0db128b89,0a209afb-0ad6-4d56-837f-6830a8d8754a,Business,639,annual,12,2022-05-14,2023-05-09,voluntary_pricing
af5f82b4-2fa3-418a-b38f-221157d1f228,b62bc3f2-bec5-4a2e-91dd-b76b6ed8b4e7,aa01350e-76b8-4e0c-b794-e742fd67470c,Business,639,annual,24,2022-12-02,2024-11-21,voluntary_competitor
8ef2ab34-22ac-4ee4-b29d-3ce23eaa7bef,4cfdfb43-307e-48c5-9cbe-60046bb8deae,be121028-7772-4bc5-a094-487d79261e19,Starter,99,monthly,6,2024-03-02,2024-08-29,unknown
7a9f2238-add8-4e69-952b-cb8dbc6bc0ef,45d69cb3-4a43-49d4-bff0-ed3388c9fca8,a077fc5b-23ca-4050-bef9-ae668f2d12de,Growth,239,annual,12,2025-02-18,,
93765a63-bbf0-4ee0-963e-8dadfe64d791,8442fa88-ca38-4931-9ddf-7f1387bf0a10,9d1e4476-301d-475e-81b4-48ee31b4887b,Business,799,monthly,12,2026-02-05,,
8165c89f-ad53-48bc-bac8-539a554f9584,0dc27ac9-db4b-4974-891b-fc7ef6b303a7,7c678acd-4fb2-4f64-a43c-aba4c634f24f,Growth,239,annual,12,2026-03-24,,
294141e2-ec03-449e-86a5-f91f3462b97b,5cf4b301-61c4-46e8-baa7-317a3d766e46,7d0557e8-104c-43e4-b8d4-5100a28ba3c1,Growth,299,monthly,12,2022-06-25,,
6f60a436-0e12-4664-91fe-4edb0239a772,bc4469a5-90b6-4634-9dea-858bd6281208,86ba2130-db74-482d-9cc9-62ac39fedf6a,Growth,299,monthly,12,2022-09-05,,
2d035a5a-4f66-4831-9da0-98aeb2659f29,776942a0-a7db-41f3-9d83-a404cb9f5836,9c791864-fbde-4d61-8045-af6d7c9ff1b9,Enterprise,1999,monthly,12,2024-10-08,,
9d06e65d-8739-46df-8359-c4cf161c2c32,e59666f9-c867-4d57-99b2-00eb837dfd98,03fac8b4-fa5d-4fb2-954e-1a962a68cbba,Growth,239,annual,12,2025-06-25,2026-06-20,involuntary_payment
7c5c5cc2-1e96-455f-b38a-13fe3a0ac8ce,32a27c5c-7904-4ecf-99b5-d826f9c6376b,ccca5c93-4dfb-4844-82b5-3bd32a80ff26,Starter,79,annual,12,2026-02-28,,
c4cf9fe0-e1be-4f6e-bfd5-44993890f4c8,350b3adf-2c2e-4e8b-8d9a-57f5bcd13fe9,9f99b4ce-76e5-4042-9aed-e288d615d77a,Enterprise,1599,annual,24,2026-03-13,,
3cd31864-11f2-4440-8c05-aa666902894d,fa935132-3e3f-4eec-a817-adee0082e762,d25cb9d2-96e4-4760-a9e0-11314db48f24,Starter,79,annual,12,2022-06-07,,
c10e6fa3-7e1a-4b41-9e09-8be3c304a303,4401fea5-eeae-40c4-bd0f-4a403b27d45f,d630ccfb-5467-402a-b177-2a08310bff21,Growth,299,monthly,12,2022-11-07,,
7b4bcb8e-e376-44af-a70e-e716a65f86e0,0ac9ee30-e659-4fa9-b31c-47a742d3cf6b,9d974868-3a81-4fde-ae98-627fcdc16638,Starter,99,monthly,6,2023-10-17,,
17079549-b2aa-4e57-8d0b-50f0f358ad59,169a7cb4-f480-4aed-8514-3fab427fd0af,e6fbeac6-ba5a-45be-90d8-25da99475baa,Business,799,monthly,12,2025-02-21,,
1b6ac639-619e-4abe-afb7-b7655270cae8,0b46baf5-22b9-4f5d-ac39-8613c306bcdd,b5f34781-ad82-41e2-b97f-c4d29e6420ad,Starter,99,monthly,12,2026-02-04,2027-01-30,voluntary_competitor
c67857e1-5d2b-4abf-bfc2-c66c8dd370ff,6299f443-f74b-4357-b8cf-8e00c3d5a5ab,4b017f25-11b5-4db7-8cfb-c7b64499f200,Growth,299,monthly,6,2026-04-08,,
045790a5-df6a-4283-9131-9d61a5fc9866,b3044129-a930-4c22-990c-0e9f04f70927,27e97966-7d7e-47b5-8f69-7c16d5f5c6ec,Enterprise,1999,monthly,12,2022-07-03,2023-06-28,unknown
8d06dec7-9394-4688-921f-8119525bcf3a,29ef7454-792b-4dfa-92d8-3e1e5d108c92,bcec8bbc-7481-4e95-afae-69a4c6b47810,Starter,99,monthly,6,2022-08-01,2023-01-28,voluntary_competitor
a1d11bb0-82f2-4e83-80e9-1d4bb78ee497,d43ad944-5023-45f9-bd1a-4ed6137064e0,fa666430-f4fa-4582-a839-c08cfa18ddb5,Growth,299,monthly,6,2024-07-02,,
d02da676-67ea-456f-8dff-5847f693e49e,13dc4530-53f5-4a37-886c-3f20ecb175a4,4f008017-bc00-466b-bfd2-82c8aa4abf96,Business,639,annual,12,2025-08-12,,
b647b473-d303-45a0-a860-0cc10bed2011,3684865f-e05b-452c-a990-253f738268bf,eb68b384-3f39-43cc-a5bf-26f8c35819a4,Starter,79,annual,12,2026-02-18,,
c353c673-e897-41ab-8d09-0a386a58581e,4cdb2b9b-7903-4f67-8a61-4a94ec2c7b7f,b6b31460-0ad5-4111-b954-319fbdd78d7c,Business,639,annual,24,2026-05-13,,
8fb61231-75d3-4a22-bd75-ba4f42e39616,76c766cc-16bc-44d0-8248-0f472b219ba2,f6a31b99-e821-411d-a637-c52303901657,Business,799,monthly,12,2022-05-16,2023-05-11,involuntary_payment
7fedbf31-2f61-4dae-a587-450bd2ef4d0d,c9ec0d6f-a845-41a7-a975-ca55f0da710a,74287b16-a5d1-4099-a9f1-d423a5f13c3a,Enterprise,1999,monthly,12,2022-09-09,,
2ccbdfba-463c-4636-9e29-22d0d12bf819,6ec2c760-eaf3-4825-96fb-ed3c1476dc5c,11626c7e-56a5-426b-929b-aac10ce67ebe,Growth,299,monthly,12,2024-01-26,,
3ca2bfa9-ac97-42bc-951d-635d57bc8cee,2cb54a7b-5292-4804-a333-583c45809bbf,89dc6594-8ef7-4ba7-a2e8-f155eaa366aa,Business,639,annual,24,2025-01-21,,
7803ae7b-18ad-4858-9605-c8bc41da990c,5e297faa-7180-43a1-8373-f2412c6ae0b3,de05109d-b8d2-4139-a77e-448e1015c885,Starter,79,annual,12,2025-11-28,,
0cf99559-41e3-400a-81ca-a1849024fbe2,f77c76f5-66dd-4b56-8432-2df89a1f09bb,b5df963b-1353-475e-aecd-08d91b6e4876,Growth,239,annual,24,2026-03-02,2028-02-20,voluntary_pricing
cc564e5d-12a5-4331-8ee3-2521b171d3d7,d1a966ad-0c56-4678-bba6-a4a78a152c8c,a4a160f3-a5fb-4551-9340-619779fee5b9,Growth,239,annual,12,2022-06-11,,
54db8bda-8d7d-48e9-a46f-a600e7d33048,c1c1bb23-c89f-42f7-bf5a-37b1ec11ff16,287e3b01-2e1e-42a0-9381-601444b8bd8d,Business,639,annual,12,2022-10-12,,
5a60b122-0a5a-472e-b0e9-636eb2879cb3,61b34ce7-1510-4dad-96cf-837972244e4a,bd5cc76d-0a60-4f1a-8b3d-b177001f3dcc,Business,639,annual,12,2024-07-20,,
23755183-cf63-45b3-a8b9-059b9f82e5d8,01d3aff1-4dd1-4ab8-ba83-3e2b4b75f891,e4d1af79-cd08-4c94-b563-7da469044d0a,Business,639,annual,12,2025-04-11,,
df2499ef-f44a-49a8-8998-9f7059f0f664,22cf1c51-1417-491b-9712-2a5c5bc65e06,fb9232f8-f3ac-4783-8d6e-4bc50fe46eec,Enterprise,1599,annual,12,2025-10-26,,
7ddbfc5b-50f6-442c-aa3d-ffec907cc19e,06d399c3-c739-44a2-b6d8-4de6cd741e61,ab472194-c55e-4598-8900-aabcbe974fab,Growth,299,monthly,6,2026-04-17,,
6fb7fd82-add8-4177-8e0c-83359e3ff442,a7a422d0-b750-4072-a973-d4c4bbab4deb,ebe15d98-8a37-4cfa-8117-d68962e858e8,Growth,299,monthly,6,2022-07-25,,
4ea91384-5b82-4254-b3c4-f38f4b675ab3,5a027e97-8a4b-4427-9524-e828d37632e0,d1df39ac-f468-4557-81fe-29371fb71624,Enterprise,1599,annual,24,2022-12-09,2024-11-28,unknown
10ce49e8-f63e-4be7-a293-3329641662db,f9a60950-4d6f-4594-95bc-ebc76a5af061,bcae4958-a21b-4e0e-8923-a13ed85fbd8c,Starter,99,monthly,6,2024-06-11,2024-12-08,voluntary_pricing
0d208b87-91da-44fd-9961-233117088baa,c42ba9d7-8267-4db1-bae3-281e1ab08e34,cb66ccbc-6a81-4722-b433-8013b6e49fcf,Enterprise,1599,annual,12,2025-06-24,,
16ce120f-cb53-4e8e-b3ea-4f0516f26b0f,43e0fef6-70f3-4ad4-9e1c-530d43b60448,c1b54941-1efd-442e-912e-c5842fdbcffc,Growth,239,annual,12,2025-11-14,,
93eddf97-1280-4266-94cb-3177bb4fe7a9,92575159-9256-4e72-8829-c53d361bdd92,d43d3b5c-8c2c-448c-84dc-610e7a0babbb,Business,639,annual,24,2026-04-15,,
f12a41e2-e4d6-4f9c-8c76-a8a55ddddeb5,b7586c5e-8c05-468e-9757-49adf53238b8,397622ba-3cb9-4df7-b2b8-f39d235607f1,Growth,239,annual,12,2022-06-04,2023-05-30,voluntary_competitor
3c4e5ac8-1bd0-4ca4-8563-0882b639f758,c4b9e7b5-d678-465d-b40b-d539e1e5a33d,348f1f20-8ab4-409c-89fc-b4d0b18962ad,Starter,99,monthly,6,2022-08-03,2023-01-30,unknown
6e29e9fe-b0a3-4202-8c41-df3d2d6ce663,380e4272-6d6f-40b5-a69c-6d64cb64b8d1,de4abfa7-e20f-43b8-a524-f3923a14044e,Business,639,annual,12,2024-10-07,,
6d848823-f9d9-47c0-ab09-92735dad508b,fbf70bf7-b808-4164-af24-8460500fa040,6b088a3d-e9dd-4b10-80c5-c6a00b4c6325,Starter,79,annual,12,2025-04-13,,
201a6328-16fb-45b1-a41a-4ab1913b6b56,14eb250c-d1d0-486a-8a29-42b73e5334d6,a5d43408-dd8d-48e2-b3c9-0b1f85a277c5,Enterprise,1999,monthly,12,2026-01-05,,
b620e2b5-6db9-416a-bbc3-9df29144396f,8fc680b5-dda6-4499-a2bf-cafb65ab12b7,a737ea4c-8c70-46d9-a92a-39be994fe220,Business,639,annual,12,2026-02-21,,
eda12f5d-5324-48cd-a573-5acab069d00a,e1f037e9-628a-448a-a330-ddfbd4ff88ee,3a19b442-ad56-4b19-8a6f-5b94c8438b4c,Growth,299,monthly,12,2022-06-19,2023-06-14,voluntary_pricing
c947fe3f-b234-4dbe-9b74-c78efba020bf,475ec420-f5f6-4c43-9c72-fc27517f05dc,7b09d74c-31b6-42db-9cbf-764082ec7cb8,Growth,299,monthly,6,2022-10-31,2023-04-29,unknown
989be926-34e4-40b8-8815-95d045502a4a,72d37943-8fa7-45ed-b1f8-54f5aeae3261,0faed034-8ba7-4e8b-b57a-15e663954955,Business,799,monthly,12,2024-07-03,2025-06-28,voluntary_pricing
dd3b9387-6c9e-4ff1-917b-6b1aac0e60ea,81bd8af7-f78e-4a7b-929e-e50732ab2319,9f5b84e2-92c0-4a49-b5c2-392f9ae8d5ee,Growth,299,monthly,12,2025-03-12,,
bbc0a3a2-9bd1-49b2-8d60-e8396ff32226,f1d1895b-29e1-49d7-bf90-aa90d4f41722,aa592f3e-c31d-4f3a-b76a-5d4c21e15655,Business,639,annual,12,2025-10-27,2026-10-22,voluntary_competitor
79f34402-b970-4f97-a778-1159f7a6e055,71fd912e-2b49-437e-84db-ae5227e0b76d,183f0454-abef-4bb4-845f-0b9223996c30,Growth,299,monthly,6,2026-03-27,2026-09-23,voluntary_competitor
87cf8068-9da4-44e1-a0e8-f129c30b69a8,03f44929-64c8-4aa3-ac3e-61b64e595bf4,80b1ee1b-17a9-4d56-b534-dacf0d5f65f2,Business,639,annual,24,2022-06-14,,
86c1f519-47aa-43c8-978a-8f080f67a1cb,544fe23f-663f-4bb3-a3c8-fea14915cb6b,be5989a4-4f0c-4c8e-807d-56e70126442a,Business,639,annual,12,2022-10-17,,
db95d247-07c4-4609-986e-b4a770a41a19,95e0634b-9918-44f0-b015-e351f9040527,3231ad91-659a-4dc0-8bbd-32edc5c8426f,Starter,79,annual,12,2023-10-14,,
d45f9e14-5f56-4ad2-8e68-db0a2f507ad6,1f2de95b-b620-4423-b64d-4ee3963bff12,1069b1c4-6c0b-48a5-a990-ce58c3c499b3,Enterprise,1599,annual,24,2025-07-21,,
93eb1156-e281-456e-8927-73cb66efc512,9def31a6-5eef-4832-b9a0-89fcaffcde81,b7669ada-dd53-4c60-8c8f-fb6e601ca052,Growth,299,monthly,12,2026-04-01,,
9977c4a2-2a12-42e7-bd35-ef292e47d0dc,dd5c35aa-08e8-4205-89cf-c286566178e4,97cd7b0a-d862-48b0-aadc-cf8213f2f144,Growth,299,monthly,6,2026-04-19,2026-10-16,voluntary_feature_gap
106f4417-e8ef-485c-b38a-d4a3c194b03b,e0670d88-b1dd-4265-bfee-6d7eb7629a9b,42b89574-d361-4360-83a5-5e175b7034c2,Growth,299,monthly,12,2022-06-30,,
5d892a9d-7125-4902-bd4f-249ea176e67c,f741b48d-6feb-4611-8fbf-f1dd9420e6b0,ec3e937d-bf10-478e-af0c-dce44ad0fa33,Starter,99,monthly,12,2023-04-08,2024-04-02,voluntary_competitor
3e56f5fe-1cea-4da1-8771-aa7825045462,1fc12956-834a-44b2-b916-48f2eb26cb78,edeefadf-ffe3-47c0-a8f8-d1bc9a4a3372,Business,639,annual,12,2023-08-14,,
6b7196ca-fdb3-48a9-bf4e-5f4c06cac757,458730ad-f19b-4fdb-b0a8-ffe498f04deb,b7ae3a9b-0fd2-42f6-8f0a-3ee562e41b35,Starter,99,monthly,6,2025-01-03,,
edd45ba9-5d37-4fa2-b73d-446e4cde16e8,72f826f4-73b7-434f-bf24-8858e16313fb,d4b95448-d63b-4bdb-a085-b20b28972487,Business,639,annual,24,2026-01-16,,
0d2d1952-536c-4473-8644-345df91b3fd7,d4030e64-ac70-4850-a86b-bf2df214c6f7,250ea741-7510-4cd0-a857-c9fe91052aba,Enterprise,1599,annual,24,2026-03-25,,
085425cf-ff76-4bfa-9d22-9b4ef207c5ec,1ac12830-fd00-4d6a-a3be-fac7a13fba61,d796626d-6604-4a57-adac-5e83ea1ea7fe,Enterprise,1999,monthly,12,2022-05-14,,
ebb57102-4c73-4461-a013-ecdd42ece3bf,5b2aeb2c-fa2b-470f-b310-1fb07776c6f4,f3748b27-3107-419f-93ae-14d955778a26,Growth,299,monthly,6,2023-03-21,,
2da71948-2310-4758-b9c1-daf9c49be88a,57f58c52-f612-4302-8bb1-b2dd6fb09efb,2534d1f0-609d-4903-b664-9653e36b40c1,Starter,79,annual,12,2024-06-17,,
64436f52-381c-451e-b452-8e71d1102c88,4d740b75-3bdf-4405-a17f-1c44d951a870,8c7bddaa-3717-45aa-8ee8-589cad9313ce,Business,639,annual,12,2025-03-23,,
d769a3ce-d9fa-4ee9-a775-a43b57e18120,d7d2acac-a09b-4a05-9067-746185690ac8,5b7fda1c-7db0-42a4-9d95-fc3c723227a3,Growth,299,monthly,12,2026-01-29,,
73e25310-abe6-4472-ab52-5c729ac99d10,b092eda1-55dd-4432-998d-431afa59464a,1eabbbbd-e82c-4a0f-9dc6-e41ac262f50f,Business,799,monthly,12,2026-02-08,,
ef874ab4-5754-41b7-9f94-5c2f330822ea,6c15ab62-91f5-4e9d-bdc2-57ff7ef295e8,1a7d47a6-7737-4e2d-9e92-9edc4a45b5ae,Enterprise,1599,annual,24,2022-05-20,,
110ec48c-c015-4cc1-9467-6423a1971f18,e4279b69-3edf-4567-a315-ce94d06f11ed,324d761a-bd83-4c8c-aabf-997a3779be2b,Starter,79,annual,12,2022-11-14,,
8beff6a5-3a01-4c0f-90a0-0109a8e0ca7e,75d90df6-3442-4e4f-8896-edd7e3f8c0d1,52240469-28c1-448c-b2f2-956e90005ba5,Business,639,annual,12,2023-12-31,,
75e28575-6d75-4e29-890b-1336b3e27735,621cbc6b-eb0b-4cda-baa5-c1ce34c77d1d,2ab31e21-3122-436e-96f5-622495b365d5,Enterprise,1999,monthly,12,2025-04-05,,
558d6021-fc33-4b3b-9d50-7e1c7b1d6b9d,2c930408-57bc-43d1-a33e-8490342cf141,cdd99d0f-b1cc-48a7-8599-60ec9775eb2d,Enterprise,1999,monthly,12,2026-01-14,,
bdda291e-a92e-475c-af1d-2135be3f9a47,d97e51f2-cf3e-466b-bf17-1cb3cca01ab8,1ba25f7f-9ae5-40dc-b13e-3722ffc79af5,Growth,299,monthly,12,2026-02-18,,
cf0b02a0-376b-4150-9c83-6413dc721018,6a19aaa1-08e9-4edd-86cb-230681041e94,64aed6cf-ff39-4514-b6d1-3c303ccdcd78,Growth,299,monthly,12,2022-06-01,,
d9134262-8705-460f-b3a1-a12c9ed682fe,43ac7a7f-8ab0-41e1-bbe2-4f5821c44616,8232699a-9f36-4636-a13e-9c6413741caa,Starter,99,monthly,6,2023-04-14,2023-10-11,voluntary_competitor
59997e66-4121-41b9-974a-ee9d1edb4b86,5cb2afc4-9871-4c34-92de-94d70c858930,b303e6aa-3ea2-4e32-8e3f-c06a8d990d72,Business,639,annual,12,2024-01-23,,
135ee919-be34-4694-86a5-50fa47e068d9,555452d9-932d-4e66-93cf-05602932e704,72a0847d-8a17-4c8b-92d6-cb3b2d4ac4c2,Enterprise,1999,monthly,12,2025-09-04,,
07f6695e-cf23-46b8-8ee6-20c725842039,aa95badb-a850-4d83-8594-b5e6dae66a92,30a64e91-1f7a-42fd-9086-295b86ac60ba,Starter,99,monthly,12,2026-01-07,,
58cc4aa7-64ba-4f95-91b0-4cc67212479c,7bfa77ff-c685-4a38-82f2-73c3a45fea07,08ea6da0-00c1-4b44-870f-bafaa1db9ecb,Business,639,annual,12,2026-03-30,,
24a047b2-cbb7-42d1-a149-d3e0c6cae9de,e22df13e-ec9e-432a-a880-46b1a22c6733,34fe6b49-4bcb-4587-bbb7-49ff721beddb,Business,799,monthly,12,2022-07-27,,
d43e7f2e-f5a9-41b6-ac23-039ff0d99a09,d5ce3454-46ae-457b-ac64-2d2522381f67,f4d89105-7e6d-4a8a-a236-8e24c7bfdbed,Starter,99,monthly,6,2022-07-09,,
c4327f63-0be9-41d6-ad6a-056bc4a7dc52,bb751f57-61a0-486c-b141-402d2cec471c,12a0e345-5947-4c2c-8aba-b8131b1d2685,Business,639,annual,24,2023-06-20,,
c3b8e06f-abaf-4ffd-9399-ad299a6bce0c,23d71086-02aa-4a8a-bced-619d685706b6,5898d823-e141-4c30-8a91-5b6e1fcac9e7,Business,639,annual,12,2025-10-07,,
8b4bd00f-57cc-4621-b0a8-e2b22aba1733,5cf4b301-61c4-46e8-baa7-317a3d766e46,160798dc-b5fc-43da-84f7-9588ebf01152,Starter,99,monthly,6,2023-07-22,,
ae1c7ad5-b7cc-4d1e-8d26-c85f34611e51,d4030e64-ac70-4850-a86b-bf2df214c6f7,4e878dec-94d8-4d9b-9bcc-a6f341881aea,Growth,299,monthly,6,2026-12-28,,
77ed08dc-4d0a-45b0-83db-59405a1d7dca,b092eda1-55dd-4432-998d-431afa59464a,a56b7bfe-98f1-4434-8a7b-c7956538b56c,Starter,99,monthly,12,2026-06-07,2027-06-02,involuntary_payment
b6df90db-b786-4621-a3eb-0d2f5c2f3369,a87c772b-087d-4f2c-b123-05df9b0d68fb,77812d6f-8524-43f2-9af5-7fbb2e9ae02e,Starter,99,monthly,6,2023-07-03,,
9f50cfd3-d2b4-47e4-9811-6907ff761c31,c42ba9d7-8267-4db1-bae3-281e1ab08e34,0d62e1eb-9edb-4a66-b8ab-6dd2b066c5a5,Business,639,annual,12,2025-11-02,,
203bc4de-58c8-456c-980e-87302ec18ecc,5b2aeb2c-fa2b-470f-b310-1fb07776c6f4,902db28c-b657-4798-9722-78a8b5a14e30,Business,639,annual,12,2023-08-14,2024-08-08,unknown
5f0a8f58-aa38-4548-8d24-f883a8e801ed,75907a9f-ce64-4f41-9f80-6a987ab34397,a9ae9121-1c5d-45bd-a4af-33822ce48bd0,Business,639,annual,24,2026-09-05,,
f30a4455-7cd0-4e9c-b820-6f7e4ba9c3c9,ad59dbc2-d414-45b9-8368-35937435f8be,a91ada42-0dec-4956-b800-87d652a35823,Business,639,annual,12,2023-03-03,,
f92aacd6-5a61-4ab5-ab75-e1f4cfe716b1,3af3362b-9786-49e0-9a1e-7d81bb0ab7fb,bed32d55-5fc5-4b83-b404-53867fc1d118,Starter,99,monthly,6,2024-10-07,2025-04-05,unknown
a39c6736-4ab5-4d00-9313-51a2766b852e,95e0634b-9918-44f0-b015-e351f9040527,43e21903-a3de-472e-abda-36e2412da104,Growth,299,monthly,6,2024-01-25,2024-07-23,unknown
f52d6dd5-a783-4457-a700-016fd37abb3e,f9a60950-4d6f-4594-95bc-ebc76a5af061,4cf52f7f-c780-4a4f-be84-d7d6eff0c8ee,Growth,299,monthly,12,2025-05-06,2026-05-01,voluntary_feature_gap
4ae47484-2b96-49bc-a519-0ed3b81bbac2,9376d1ea-2600-40cc-99fb-35300bcdea39,75f9ee31-1adc-41b3-9867-e1998111aef4,Starter,99,monthly,12,2026-11-24,,
3997f8ed-8457-4d87-b731-49ee145e6939,06d399c3-c739-44a2-b6d8-4de6cd741e61,bfd67fa6-d15a-4a14-b805-387ec8888ade,Starter,79,annual,12,2027-03-23,,
b4c29253-e289-4e46-89b2-a40873e40dab,e739e75e-2a2c-43fe-81c5-b3b665061821,7549b827-1484-4af8-a5ee-362ef7dace11,Business,639,annual,12,2023-05-12,,
f084ee41-9b73-4c2e-990c-1f22fe2607ec,1f2de95b-b620-4423-b64d-4ee3963bff12,67c1fe3a-0e3b-4948-b125-39dc8f2928c1,Business,639,annual,24,2025-11-03,,
e49a74e0-70d7-4bf9-90c5-ff099d8759cd,40184e52-1dd6-40a9-b704-35b0db128b89,c80e958d-de09-4464-b9f3-d3fac75ba7a7,Enterprise,1999,monthly,12,2023-04-30,,
1f98932b-343d-4b90-a5c4-66c775d67f0e,555452d9-932d-4e66-93cf-05602932e704,382d3d70-eb5c-4d0a-a953-19ed043a42bd,Starter,99,monthly,6,2026-07-23,2027-01-19,voluntary_pricing
85a51603-d400-409f-8016-e242a4c48a1c,b237d6f6-7a03-446f-aaac-e681084fc83c,a87d135c-1e6c-456f-a8af-c814a86afc48,Business,639,annual,12,2025-03-31,,
c7b8c32a-cf2a-4a68-ae89-92831e293241,14eb250c-d1d0-486a-8a29-42b73e5334d6,50eff4fe-b89b-44a7-8363-251060f22113,Business,639,annual,24,2026-05-24,,
4dd070a7-e021-4989-9341-1e45f69fd180,da1df2ca-d326-4b37-8385-ff22a6d64d10,268a5578-c3f8-43e3-b3b8-64755c428a31,Growth,299,monthly,12,2027-01-13,,
dbba9753-6985-48f9-bd2c-271ad98e06b3,81bd8af7-f78e-4a7b-929e-e50732ab2319,61336744-13f1-4d8e-a72e-2e0d2e448080,Growth,299,monthly,12,2025-12-07,,
3fbf7c68-9e83-444b-81ff-b2a24485e63b,e59666f9-c867-4d57-99b2-00eb837dfd98,77b59c72-82b4-4683-b527-028c3bbebaec,Enterprise,1999,monthly,12,2026-04-15,,
75e50a95-517d-46ec-932d-20fb6447da69,b237d6f6-7a03-446f-aaac-e681084fc83c,3e493d74-87d1-4185-b43e-f21a4693c5d7,Business,639,annual,24,2026-01-05,,
2f83e520-e799-45d4-87ab-b8e49cbaa50b,b237d6f6-7a03-446f-aaac-e681084fc83c,9216d03b-ad71-4816-bd58-7c136ee71f25,Growth,299,monthly,6,2026-05-12,,
10b1d9b7-62cb-48d5-a988-f05d9038b7ca,d5ce3454-46ae-457b-ac64-2d2522381f67,84bbbd0e-9b26-404b-8058-d1e0a1140fd7,Business,639,annual,24,2023-04-01,,
ef3a7bc0-e18c-405c-bf43-99730179b7e0,6a19aaa1-08e9-4edd-86cb-230681041e94,afabd624-56ca-47e4-9500-6f5e30c405fc,Starter,99,monthly,6,2022-10-22,2023-04-20,unknown
2b836cf2-de93-4bdc-830d-5b6bebb7e6cf,d4030e64-ac70-4850-a86b-bf2df214c6f7,df474926-5341-4b1b-a6c8-e4519b4bd34c,Starter,99,monthly,12,2027-12-02,,
2181d7fe-57fe-4737-afbe-7f5d2f452fc9,8fc680b5-dda6-4499-a2bf-cafb65ab12b7,00e9828e-3c67-46fe-8b53-43463f8366dc,Starter,99,monthly,6,2026-05-28,,
3fe4a696-2f26-4107-ab9b-90b294293ab4,3c4dafae-2b02-46f0-b732-572bdb1c4a0c,bd6162f9-d3a5-4727-9be5-c0e578d5acda,Business,799,monthly,12,2027-01-02,,
70e4a19d-4987-42bd-b6f6-43afe64cffbb,f77c76f5-66dd-4b56-8432-2df89a1f09bb,b625968c-8703-4ce3-8204-70dd85dcab53,Growth,299,monthly,6,2026-12-27,,
41508249-1a29-4f5c-aee6-272903649abf,13dc4530-53f5-4a37-886c-3f20ecb175a4,af84620a-dd59-40bd-8399-7f6208f34812,Starter,79,annual,12,2026-01-09,,
fe60472d-97a4-42ae-874a-cb59eece0af3,a5a64411-25a0-4070-aa61-15d827974c42,7835ea76-0db1-4aa0-bf68-a04cfc734162,Growth,299,monthly,6,2026-01-29,2026-07-28,voluntary_feature_gap
7d0eb186-174b-4c54-8803-d94fc95121f8,2cb54a7b-5292-4804-a333-583c45809bbf,09ebe721-09d1-4ca2-80ca-315fec320cc4,Growth,299,monthly,6,2025-05-02,,
17495140-eb23-4921-a09f-64d57bb68aaf,c1c1bb23-c89f-42f7-bf5a-37b1ec11ff16,013dbbc0-5fb1-48d4-b1d5-5abb6d40f9ed,Growth,299,monthly,6,2023-07-21,,
f2b850ba-87fc-4321-aefd-caf96e5eadf8,5cb2afc4-9871-4c34-92de-94d70c858930,abcf09e1-1726-41d8-98ab-56d63fd670d5,Business,639,annual,12,2025-01-03,2025-12-29,voluntary_no_usage
211f9039-b0af-4bd0-b39d-a8bff7137b6a,14dc0617-4327-4ebd-94a6-2b135362a054,242510a4-5f1e-4b59-ae3c-67b6c4fecd08,Business,639,annual,24,2026-04-20,,
eea9ea87-7ab7-425f-bf8f-878ff962202f,5f8e2576-c80f-47d5-8e13-21101c9b2a6e,512e9953-e4b2-4779-9379-3a46384649df,Growth,299,monthly,6,2023-05-06,2023-11-02,unknown
4864b2ba-6f5d-4dcf-9f53-7b609024b0fc,458730ad-f19b-4fdb-b0a8-ffe498f04deb,ebe609f0-6769-4e78-8299-b98618a3e58b,Starter,79,annual,12,2026-02-22,,
77448140-6e9e-45f5-92a9-768f7893c7ec,e1f037e9-628a-448a-a330-ddfbd4ff88ee,bbff8f8c-19e8-48ba-83a0-d702fe0b02f4,Growth,299,monthly,12,2023-03-19,2024-03-13,unknown
9c2e6eb6-af65-4ce1-bdd2-849ab8969239,458730ad-f19b-4fdb-b0a8-ffe498f04deb,6dd4f7aa-787d-4376-8344-843d73b10887,Starter,99,monthly,12,2025-12-27,,
32a9a035-f1ae-4a4f-941b-2379bddb5b4b,ad59dbc2-d414-45b9-8368-35937435f8be,e64872b9-1ba5-4841-ae04-98fae1d372af,Business,799,monthly,12,2023-07-23,2024-07-17,unknown
efc9bbfe-4b5a-4d25-be68-3bbae02551f4,60def4d7-a92e-4943-96a8-e563c8ef5abb,e4529bc6-359a-409f-a92a-74d90c860ecb,Enterprise,1999,monthly,12,2026-03-08,,
25725c50-07da-40d9-9af5-b65098ff9cee,d97e51f2-cf3e-466b-bf17-1cb3cca01ab8,6543cf0c-4182-4b9f-8f13-c0994386574e,Growth,239,annual,12,2026-06-14,,
4b39adee-1839-401f-84cf-4d9ee7eda365,f77c76f5-66dd-4b56-8432-2df89a1f09bb,21b9cec1-f4a3-43de-9bc0-d556df057231,Starter,79,annual,12,2028-02-18,,
d0b1254e-b1b4-4864-a308-e1a072821a7b,a5a64411-25a0-4070-aa61-15d827974c42,fef9e6e5-9c21-4722-a25e-5b055edc2264,Growth,299,monthly,12,2027-02-15,,
a1029cc1-a28c-4a3a-b635-336109ee7266,23d71086-02aa-4a8a-bced-619d685706b6,ce5e171e-0ea2-4fe8-bbf5-64db2a65b22f,Starter,99,monthly,12,2026-04-24,,
e4fc32eb-00dd-4178-b1ce-83e6fce85161,f1d1895b-29e1-49d7-bf90-aa90d4f41722,e7f697c6-372c-42a2-aefb-b5077ef636d3,Starter,99,monthly,6,2026-02-25,,
79c91b3d-6f1b-4b8d-a06e-a0c64a0fcd0a,c9ec0d6f-a845-41a7-a975-ca55f0da710a,f1053ce2-6f4e-4258-ad55-de46a81652bd,Growth,239,annual,12,2023-11-27,,
79f3dafd-ad18-45cf-bdf9-cd19c2f0b3d1,0dc27ac9-db4b-4974-891b-fc7ef6b303a7,c99f94a0-36c7-4860-b1b9-343a0823b14f,Growth,299,monthly,12,2027-04-26,,
85cf082c-a0ff-49df-8704-a7318353c5dd,380e4272-6d6f-40b5-a69c-6d64cb64b8d1,9e72eac8-a9ed-4c9e-949f-9644477b9746,Business,799,monthly,12,2024-11-26,,
453a7171-50c9-44bf-8804-4eab9484f2a3,75d90df6-3442-4e4f-8896-edd7e3f8c0d1,5f7b95fc-fc1b-4c1b-aea7-37e06e9a7c8d,Enterprise,1599,annual,24,2024-05-22,,
980f57d2-5ee8-4ff3-a3fd-340124ebca02,d5ce3454-46ae-457b-ac64-2d2522381f67,83475842-3a0f-4ec0-8ac7-4fe4097c9b9b,Growth,299,monthly,12,2023-08-13,2024-08-07,unknown
5dc7b6a0-7c6e-4848-bcee-0d89cae1f27d,703cbbbb-6282-4278-a219-7a72f1cc6682,1b8ac672-3f30-4144-a28c-cc75615f1824,Business,799,monthly,12,2023-08-29,2024-08-23,voluntary_feature_gap
40a19d15-7ebb-4686-936c-e78027af3204,544fe23f-663f-4bb3-a3c8-fea14915cb6b,9b620393-c410-4404-9618-c5d46e222579,Starter,79,annual,12,2023-09-04,2024-08-29,unknown
a7c2fe73-117a-46eb-be17-8b401217bc4d,06d399c3-c739-44a2-b6d8-4de6cd741e61,7cd50a72-c57b-4478-a62c-2695a2dcfd01,Starter,99,monthly,12,2027-10-08,,
9675427c-4d1a-4936-a883-0970e950e82b,13dc4530-53f5-4a37-886c-3f20ecb175a4,13bd5fd6-f2ea-499a-ba6c-0cc7a1a41bbb,Starter,99,monthly,12,2026-06-25,,
f71c75f8-c0e9-4f0d-bffc-3d77f88eec9b,1abec931-02ad-45c4-8f3e-85349b04b19c,ad34e029-ad2b-416a-91c8-5a4ea8867113,Starter,79,annual,12,2026-05-30,2027-05-25,voluntary_no_usage
0d1e24ef-812b-4c34-9541-20411656a730,c9ec0d6f-a845-41a7-a975-ca55f0da710a,495bf00c-d56f-46dc-bbea-3fdc7db1bd75,Starter,99,monthly,6,2024-11-23,2025-05-22,unknown
93edf1bc-2c89-4ae7-8b03-2c7f91d72b24,92575159-9256-4e72-8829-c53d361bdd92,ee92b675-de81-4ffb-9797-e6fd0ec2c9f4,Growth,299,monthly,6,2027-06-05,2027-12-02,voluntary_competitor
522756e4-db18-4342-8927-640eb6d2d323,6c15ab62-91f5-4e9d-bdc2-57ff7ef295e8,a39c9332-e1bb-48e9-9b60-b9c60d9a4e62,Business,639,annual,12,2022-08-17,,
ca1c6c89-1e1b-4787-8c50-b99db395acd7,dc044c4f-ebc5-42c7-9235-024c96c6100a,2316da4c-fd6d-4219-9a2d-651870a30c92,Growth,299,monthly,12,2026-10-31,,
8b99a16c-db1f-435a-9b1f-5c711eb99e27,c1c1bb23-c89f-42f7-bf5a-37b1ec11ff16,6ecb0173-1370-4fe5-8e1c-c66455fd5ff3,Business,799,monthly,12,2023-11-17,2024-11-11,unknown
974c3ef2-a100-432e-942a-084ab9e0e22a,1f2de95b-b620-4423-b64d-4ee3963bff12,04b7ab59-2702-49f4-9138-3d951bd6f865,Growth,299,monthly,6,2026-09-26,,
7bb71418-0f9b-4b16-b266-54a9b90596f5,7bfa77ff-c685-4a38-82f2-73c3a45fea07,f5e97490-2b69-4607-b660-c924744f1d5e,Growth,299,monthly,6,2027-01-27,,
f0a81c14-ddae-4348-b485-34c8f6e86991,fa935132-3e3f-4eec-a817-adee0082e762,647eff0b-c997-475e-918c-ee114b35f99b,Growth,299,monthly,12,2022-08-01,,
9dc4c1c4-1765-4f30-9ef6-730dedd98a95,545370c8-83af-4b21-babb-064a48591cb8,417e1b3f-5159-4fa3-bdd9-c5e9acafe412,Growth,299,monthly,12,2026-12-01,,
611daaf1-2472-409f-9e51-1045613f60d7,e4279b69-3edf-4567-a315-ce94d06f11ed,60b9797a-a141-4eee-9ad7-996993c21472,Business,799,monthly,12,2024-01-22,2025-01-16,unknown
9842d28c-a004-4956-8ae2-ad0b414d0a40,b3044129-a930-4c22-990c-0e9f04f70927,62a551ba-1a03-45e7-83c0-3c3c163cbb34,Business,639,annual,12,2023-02-19,,
893cb37e-f49f-4e7c-82e5-0f2ed66d5757,c58707dd-8596-4a54-b2b6-a96405b8ccbc,d729192e-c370-4eda-8f2b-b929fdb96a45,Starter,99,monthly,6,2024-09-14,,
e262b64a-744a-49fe-9c06-64310fa8f88e,75d90df6-3442-4e4f-8896-edd7e3f8c0d1,b16b7a98-b213-4150-95f1-5ea835abed25,Growth,239,annual,12,2024-12-16,2025-12-11,unknown
0f3efbae-aa4c-4c9f-820c-701db3db60fc,33eaa375-b9a6-443b-ab08-fc34cc41971a,02682c65-e1b7-4c1e-bd77-081c9b920e70,Growth,299,monthly,6,2023-07-09,,
1a7f2f4d-f8ab-4769-84d6-8731c766de35,1fc12956-834a-44b2-b916-48f2eb26cb78,8f9b7910-0352-4f41-9621-86bf6a8bd190,Enterprise,1599,annual,24,2024-06-09,,
c352c2a6-9920-4f8b-91e2-c7a9f499c623,5cf4b301-61c4-46e8-baa7-317a3d766e46,03d1088a-d5b8-400e-b351-7e50ba2ebe9e,Growth,299,monthly,12,2024-02-04,2025-01-29,unknown
feba8049-f584-42a4-abc7-55ef4d13bf24,60def4d7-a92e-4943-96a8-e563c8ef5abb,f284dae2-b7e1-4af8-b2e8-3f2601d8cb7a,Starter,99,monthly,6,2027-03-07,,
25ebda60-17b5-4b34-8c20-f5ebcab0e4e0,5b2aeb2c-fa2b-470f-b310-1fb07776c6f4,7e4148fb-ec9f-453c-b84b-239db1cb389c,Growth,239,annual,12,2023-11-24,2024-11-18,unknown
91cfbd47-e35a-4e45-ae66-8c4863950229,01d3aff1-4dd1-4ab8-ba83-3e2b4b75f891,d8875178-e0fc-45a6-96c4-cd80a44dedcd,Growth,299,monthly,12,2026-04-13,,
08f342fc-9c5e-489b-9522-da4e35e372ed,703cbbbb-6282-4278-a219-7a72f1cc6682,38f36517-b64d-49e9-961a-f80d19775309,Starter,99,monthly,6,2023-12-15,2024-06-12,unknown
1a1b66cf-0935-4a2f-adeb-895a1a8e3f93,da1df2ca-d326-4b37-8385-ff22a6d64d10,e6876fed-6a4a-40b5-97f4-82917bced9d1,Business,799,monthly,12,2026-12-13,2027-12-08,voluntary_feature_gap
abaa9bf7-af09-4ee7-9473-8dd41b0d1fbd,0ac9ee30-e659-4fa9-b31c-47a742d3cf6b,d310d8f0-1183-49d2-994d-283bc8e9cc97,Starter,99,monthly,6,2024-01-23,,
9b09afca-211e-4b40-bebc-97f4bc189fe3,0ac9ee30-e659-4fa9-b31c-47a742d3cf6b,e61c8dc5-7d6c-4983-892b-41578eb9d496,Enterprise,1599,annual,24,2024-01-29,2026-01-18,unknown
e56b5ecc-aebc-46a6-9513-4ba484945b76,703cbbbb-6282-4278-a219-7a72f1cc6682,5553d786-beb4-4adc-a7c0-529414908d28,Growth,239,annual,24,2023-04-07,2025-03-27,unknown
ff679a5f-3dfe-4070-90a1-598f58a866ca,621cbc6b-eb0b-4cda-baa5-c1ce34c77d1d,66315ff7-de9b-4505-81d7-5bf668d451c8,Starter,99,monthly,6,2026-03-16,2026-09-12,voluntary_feature_gap
4c390338-ede7-4bc3-923c-8d2cd28aa270,c42ba9d7-8267-4db1-bae3-281e1ab08e34,db347046-df5a-4980-87d1-a1f6de815238,Business,639,annual,24,2026-05-18,,
bd205593-662d-46b5-8372-bd22ac24b64a,32a27c5c-7904-4ecf-99b5-d826f9c6376b,2b0abdba-7133-4c59-b3c8-77546ee41fde,Business,639,annual,12,2026-09-08,,
353da53d-a8c1-4ea3-958d-e158479d1882,c4b9e7b5-d678-465d-b40b-d539e1e5a33d,650d6e6b-477a-47d9-b0ef-2a0a805a75c2,Starter,99,monthly,12,2023-07-12,,
529ae499-a936-4b4d-82f9-01828b3409ee,75d90df6-3442-4e4f-8896-edd7e3f8c0d1,8a0b945d-6c6a-4efc-bab2-3f9d331e7523,Business,639,annual,12,2025-07-29,,
7266d8ce-40c3-4319-8978-44e12bb6350b,4401fea5-eeae-40c4-bd0f-4a403b27d45f,1b32116c-b8b1-41a5-92ce-41701b45a21f,Business,799,monthly,12,2023-03-17,2024-03-11,unknown
0a4b69a7-e16b-4b20-8a8b-edf5444fe4f5,b3044129-a930-4c22-990c-0e9f04f70927,fffdbd0a-3d3c-4054-8e92-bad9df3c20cb,Business,639,annual,24,2023-07-06,,
6698f285-2f2a-4a0c-82e9-d318a224bc57,57f58c52-f612-4302-8bb1-b2dd6fb09efb,c32d3156-1eba-4f86-9a47-f3c66cd2a514,Business,799,monthly,12,2025-04-25,,
39a3c476-132e-45d0-bdea-28c7ecde98c7,ab8f65d5-12c7-4f37-9387-550aa68e4f21,780e8324-2d89-494d-b6da-9dd295538869,Business,799,monthly,12,2023-01-07,2024-01-02,unknown
bfeb596b-a3c4-44b1-a0bf-5fd52d11cc91,8442fa88-ca38-4931-9ddf-7f1387bf0a10,fd27fd29-6a14-410d-a4ef-3f25cf34ce9c,Growth,239,annual,12,2026-06-23,,
92c3eb0d-f7bd-4ab2-b95c-5bc49fec5127,b3044129-a930-4c22-990c-0e9f04f70927,fbb39b5c-e713-4210-8c53-48d65dae3a27,Business,639,annual,24,2024-08-05,,
a6488226-4cc3-4be2-bc5d-36ddbbfb96cb,1d3e2c5e-4039-4c63-a08f-d0696a9423b4,e9f02eb8-6559-40be-8a69-15bc6e2414f9,Growth,299,monthly,12,2026-03-16,,
7990f4a8-c12e-46c6-a296-da55404bdfe9,8fc680b5-dda6-4499-a2bf-cafb65ab12b7,6f93b754-e2d4-411d-a3b5-2e0887029e41,Starter,99,monthly,6,2027-03-28,,
4aee7892-e8e3-4dcf-87bd-bc0db02d85bd,9376d1ea-2600-40cc-99fb-35300bcdea39,13a1b531-721e-4ec6-8f8b-4d4904a5f4df,Business,639,annual,12,2026-07-29,,
1e9879cb-ae25-484f-9e48-8fb345ba3a6f,b237d6f6-7a03-446f-aaac-e681084fc83c,2c72ea1e-de66-40e6-89f5-9bed78907649,Starter,99,monthly,12,2027-04-15,,
875bd3c4-5264-4399-afb7-6df93e8cbab4,e59666f9-c867-4d57-99b2-00eb837dfd98,333e8209-67ed-4735-b0f2-4d07ef775f1a,Business,639,annual,12,2027-01-29,,
b0ec3420-2273-429f-bea0-4bdb220a988f,3af3362b-9786-49e0-9a1e-7d81bb0ab7fb,aee7c011-08a2-4d34-9894-b662b10ffd2d,Growth,299,monthly,6,2024-05-14,2024-11-10,voluntary_no_usage
523a685c-0590-494c-9b5a-973f4ae501c6,75d90df6-3442-4e4f-8896-edd7e3f8c0d1,ccb5f120-eefd-4dc5-808d-fcb1d1a4698d,Enterprise,1599,annual,12,2026-10-10,,
fba6798e-dba4-4705-95da-950efcd4224a,544fe23f-663f-4bb3-a3c8-fea14915cb6b,f4c60150-9954-461c-9d7f-6fc693def437,Business,639,annual,24,2023-03-12,2025-03-01,unknown
5eac3f6a-d009-4585-8225-c59f761fc6f4,c96bb386-5ca6-43d9-83b5-f471149a2500,2695ae45-90ac-43fe-9bd8-2458e51fc1c3,Enterprise,1599,annual,12,2023-01-29,2024-01-24,unknown
b0ef9bca-b862-40b4-9e0a-aa1c00b78dc3,380e4272-6d6f-40b5-a69c-6d64cb64b8d1,005140cc-238e-4931-9526-c9e4ea2d22d4,Growth,299,monthly,12,2026-01-06,,
e5593abc-2c8b-474e-9c0b-32db8a7416cf,d5ce3454-46ae-457b-ac64-2d2522381f67,098cb956-8dc6-4a7f-93ef-ed16735ad9e8,Starter,99,monthly,12,2024-04-28,2025-04-23,voluntary_feature_gap
5099334d-a6ef-4e2c-a44b-f72db0fb0c4c,23d71086-02aa-4a8a-bced-619d685706b6,8e08e133-5b65-4f39-a05e-43d0f4d83628,Business,639,annual,12,2026-09-30,,
609c5583-549b-4ec7-9656-6627c2cf76d0,06d399c3-c739-44a2-b6d8-4de6cd741e61,952b175f-433e-4c60-9e27-7b503d5a4370,Business,799,monthly,12,2028-10-22,,
07023419-17fb-4ef9-8dc6-149ad52d3a49,71fd912e-2b49-437e-84db-ae5227e0b76d,1fc1939b-79b8-4b26-82d8-490fac5f85b2,Growth,299,monthly,6,2026-06-14,,
e1a4f830-f1cf-4bdc-8cd4-3bce9f379e2b,13dc4530-53f5-4a37-886c-3f20ecb175a4,e5b94209-1738-4153-b1db-3c322a04b2a0,Starter,79,annual,12,2026-09-12,,
47a4a1e6-6d58-4c44-87e9-d0a2d637d127,c4b9e7b5-d678-465d-b40b-d539e1e5a33d,22f1aab6-53ae-49b0-bd06-70e21567bd2c,Business,799,monthly,12,2024-07-16,,
36fba3f4-6a36-4279-a999-7d68e7af2cb0,92575159-9256-4e72-8829-c53d361bdd92,14dbc6af-7bef-4bf2-bf98-6f65d4750123,Growth,299,monthly,6,2027-11-06,2028-05-04,involuntary_payment
221486bd-b71c-4ad5-8e27-d3a5e526b3cd,1ac12830-fd00-4d6a-a3be-fac7a13fba61,cb26b2bf-40fd-463e-8866-9d4bef31fcb1,Business,639,annual,12,2023-02-16,2024-02-11,unknown
d9962075-ffd2-4f7a-a645-9e9ed309e34b,6b87f226-e633-4f6f-b029-77ad9a99f8d8,e61cbe3c-1dab-4be4-a456-7389ecca548a,Growth,239,annual,24,2024-02-13,2026-02-02,voluntary_competitor
6e14515c-76da-4892-b5ea-7d8dfc30bf6b,6c15ab62-91f5-4e9d-bdc2-57ff7ef295e8,900c0f87-d9d0-4345-ab68-0f0c0e3e0d20,Business,639,annual,24,2023-08-27,2025-08-16,unknown
07e1c102-0e07-4287-ab03-74f93b746cf5,e739e75e-2a2c-43fe-81c5-b3b665061821,7674c405-4502-4ef0-bdb7-e1844dd3f2da,Business,799,monthly,12,2023-05-19,2024-05-13,unknown
aea9728e-15bf-4506-a96c-17557e1d2715,14eb250c-d1d0-486a-8a29-42b73e5334d6,1ae3597c-0cbc-4973-adfd-dcde5bad7b96,Growth,299,monthly,6,2027-05-13,,
f7a438b9-5312-4d2e-bcf4-ef2ee2e3c795,3c4dafae-2b02-46f0-b732-572bdb1c4a0c,ec526357-3434-48f4-8279-c50a992fc9cb,Starter,99,monthly,12,2026-05-23,,
a2c1f07d-1b13-424f-894e-0d214d87cbf2,6a19aaa1-08e9-4edd-86cb-230681041e94,531b34f2-7049-4e0b-8675-5408398e2bfa,Growth,299,monthly,6,2022-12-17,2023-06-15,voluntary_pricing
fe36b8aa-6868-45d7-a52e-152e44a6aae6,bb751f57-61a0-486c-b141-402d2cec471c,fdc16f4c-bb61-4d30-8fef-001d2ffdcd73,Business,639,annual,12,2023-11-22,2024-11-16,unknown
4032296a-08c0-473f-a9f0-0dd0106309b6,12b4f2ed-1466-42ad-8e08-1edb077d418d,c2b789a0-47ab-4bec-b0a2-3dcd7c5955cd,Growth,299,monthly,6,2023-07-21,2024-01-17,unknown
c59430a9-d909-42b7-ae16-cbbf9f3018f3,6ec2c760-eaf3-4825-96fb-ed3c1476dc5c,2e946d0d-cc3a-44cf-a6a1-b301152006b5,Growth,239,annual,12,2024-09-13,,
0c11b178-d4da-4f77-b50c-e9b3a2f62172,06d399c3-c739-44a2-b6d8-4de6cd741e61,475ebeff-2f21-42b6-8b7d-d1b98ec8211a,Starter,99,monthly,12,2029-12-08,2030-12-03,voluntary_pricing
60ee6bde-8f7c-4f06-945d-292a7bc478c9,380e4272-6d6f-40b5-a69c-6d64cb64b8d1,8e78ff53-1cfe-4d40-a924-6a19872e24f2,Starter,99,monthly,6,2025-05-22,2025-11-18,unknown
1efabbd5-5eec-48d1-b1d1-ef4a67b24ed5,4783a54b-b4a1-4e09-bbf0-3e8f7fdbd4d2,868272e3-477e-4196-a578-1c5b20825c0e,Growth,239,annual,12,2026-05-22,2027-05-17,voluntary_pricing
2cb874af-1426-4373-ab27-406986b96e2b,c4b9e7b5-d678-465d-b40b-d539e1e5a33d,04e6a87d-32a9-40de-bdc2-57c2a751a41f,Growth,239,annual,12,2024-12-04,2025-11-29,unknown
56083d24-6a3e-428d-a580-2d3a79df3541,75d90df6-3442-4e4f-8896-edd7e3f8c0d1,2ef76e80-dac9-4535-9a91-907828b962c3,Starter,99,monthly,6,2024-10-28,2025-04-26,unknown
2a0aa99c-cde2-497d-867a-0c328d539c6b,1abec931-02ad-45c4-8f3e-85349b04b19c,af4e592b-b3dd-4ed4-95e3-1887c25aef55,Growth,299,monthly,12,2026-09-21,,
d3a17ca1-157d-4bf8-92c5-bade48e6528c,545370c8-83af-4b21-babb-064a48591cb8,fb69bd3b-e6a4-4f96-94bd-555b761f49da,Business,639,annual,24,2026-09-06,,
3670c893-f2d2-42d4-ae4d-6848891b1454,71fd912e-2b49-437e-84db-ae5227e0b76d,65cce6b6-69aa-4f25-841c-c564da50bd99,Growth,239,annual,12,2027-06-03,,
f69d81c1-bdb5-4ee3-92f1-4763a9c97598,544fe23f-663f-4bb3-a3c8-fea14915cb6b,d0fdba61-82ce-4dec-bdf6-82a10ad5b88e,Business,639,annual,12,2023-01-11,2024-01-06,unknown
fe17d37a-44c8-4e1f-b06d-d8a66139cfef,c58707dd-8596-4a54-b2b6-a96405b8ccbc,c09e20d8-467e-4b0a-95df-24ec95d60091,Starter,79,annual,12,2025-06-24,,
535fc17d-2676-4d0d-9325-8b2cfc97e0a7,7f7579e0-1d96-4e7a-8ef2-3321c2127d2e,bbf8f6b5-e7cd-4b55-8932-0afda8e9b6af,Growth,239,annual,12,2025-11-15,,
e1d6222f-ace9-4420-a58c-0fc2ac01047e,8442fa88-ca38-4931-9ddf-7f1387bf0a10,8df73ad8-c3b9-45af-bd87-0a573b01878a,Business,799,monthly,12,2026-07-02,,
b90638d1-40be-473f-89dd-5a5e9c60d7ec,61b34ce7-1510-4dad-96cf-837972244e4a,3103923b-f8af-4d84-9881-9dd71c9b235b,Business,639,annual,24,2025-07-31,,
63da66c9-d19b-48ee-9989-860664b7d5d8,f741b48d-6feb-4611-8fbf-f1dd9420e6b0,6dc1b9a1-c622-42eb-9b4f-39fbb53c1094,Growth,239,annual,12,2024-02-25,2025-02-19,unknown
c1c64e73-ba19-4b0a-bb79-a687af43a367,e0670d88-b1dd-4265-bfee-6d7eb7629a9b,6873d84c-0147-4213-b857-61c2c55eb6c2,Growth,299,monthly,12,2023-03-26,,
945dff79-5dac-4994-9c9c-d308de3f99af,a87c772b-087d-4f2c-b123-05df9b0d68fb,efc4879b-5df1-4d99-a3af-459db5f607eb,Business,639,annual,12,2024-03-28,2025-03-23,unknown
3ada402d-7bf4-4e51-b41d-27954b788ab6,2ffe5941-748e-4970-a913-f9e30e7d516b,a637c570-6027-4622-b5fb-22ce5fe1a988,Growth,239,annual,24,2024-12-28,,
f174fa1c-db0a-423b-afb1-3d3b609358e9,b1204e47-645c-4594-8e23-89a87699c639,40bb0d04-d6e6-4b85-92d5-782f1c65e7f3,Growth,239,annual,24,2025-11-09,,
f9ffe719-8b5e-493a-afe6-ff19aea18a4b,43e0fef6-70f3-4ad4-9e1c-530d43b60448,4ad1df55-7bb5-45ce-8779-2b2d548ec494,Enterprise,1999,monthly,12,2026-02-10,,
0ad140db-6dc4-4f15-a1e6-d8d0b0dc34b4,74c838fc-3911-4e59-b0e8-7ede5f03599a,7b57074c-143c-48ba-af67-dc19f634e9a4,Growth,299,monthly,6,2027-02-18,,
efbc17e6-5bf4-4e17-a73d-8a2e851fdedc,23d71086-02aa-4a8a-bced-619d685706b6,68372156-7c24-46d0-97f8-fde937a403de,Growth,299,monthly,12,2027-04-20,,
aed86c4d-07b6-4b5a-a33d-79364c15aafd,621cbc6b-eb0b-4cda-baa5-c1ce34c77d1d,dafa444c-9c2a-48fd-a301-5d23279759a3,Growth,299,monthly,12,2026-06-01,2027-05-27,voluntary_competitor
e439350b-4e0e-4fe9-a8b1-f8d686f384d1,1fc12956-834a-44b2-b916-48f2eb26cb78,28659640-a23a-4c3e-b615-6c9f16031818,Starter,99,monthly,12,2024-11-05,2025-10-31,unknown
629cd516-e3e8-4b86-a60d-c439178a3283,5cf4b301-61c4-46e8-baa7-317a3d766e46,b1fee9c8-8bbb-4fce-bf90-1405ac475271,Business,639,annual,12,2024-03-22,2025-03-17,unknown
356632b8-34a9-4a2b-ba9d-0114e23fe3de,78a5dd78-c41b-4644-ab6e-e1aee1f1a8d7,3b3bb301-35c9-4cbc-b093-8deb7985a421,Growth,239,annual,12,2023-09-01,2024-08-26,unknown
08e1e51f-b86b-47c2-9fc3-ba8fa02e5353,06d399c3-c739-44a2-b6d8-4de6cd741e61,ee568e38-9e68-4bed-a0eb-f8f50a0c570b,Growth,239,annual,12,2026-09-06,,
48b2edb3-ec27-4507-bb8a-f761c2d7506a,f741b48d-6feb-4611-8fbf-f1dd9420e6b0,0ae80209-2045-4977-bfe9-284bc187fb58,Starter,99,monthly,12,2023-09-27,2024-09-21,unknown
e13e62fb-7999-47c6-a9ae-41a5dc4a3fc6,ad59dbc2-d414-45b9-8368-35937435f8be,b18cebb5-2634-4060-895a-acad5547586a,Business,639,annual,12,2023-05-21,2024-05-15,unknown
ff3dc7ed-08ed-4ec5-9861-aaad114004c2,d43ad944-5023-45f9-bd1a-4ed6137064e0,da7873d6-c20f-44a9-a300-cdd7421ce842,Business,639,annual,24,2025-01-15,2027-01-05,voluntary_competitor
9321c31f-fceb-415e-8eb8-c26468607d3c,7bfa77ff-c685-4a38-82f2-73c3a45fea07,4b92fe8f-cabb-42af-beef-a223d0185151,Growth,299,monthly,6,2027-07-31,,
5be10c94-f8d9-4537-bbbb-7206dfecd473,bb751f57-61a0-486c-b141-402d2cec471c,b9c35eab-a432-463c-bf67-04525b5f87d7,Growth,299,monthly,12,2023-10-17,2024-10-11,voluntary_pricing
8316217d-5a7d-4a77-ac85-0e45c8934755,2cb54a7b-5292-4804-a333-583c45809bbf,0aeab4d1-e78a-4d16-b12e-76de2cc7f2d9,Growth,239,annual,24,2026-01-15,,
f1847a6b-87d0-4a44-93e9-292c616048b7,c1c1bb23-c89f-42f7-bf5a-37b1ec11ff16,ac0cd008-84fe-435a-9c78-55a6758b968a,Growth,299,monthly,6,2024-08-14,2025-02-10,unknown
1c8875d0-9cd2-48aa-b4a6-979429d4ed73,d7aa65dc-bc40-4e8e-9401-dd077b5094d5,aaf555de-b50d-49a8-904f-754598faeec2,Growth,299,monthly,6,2026-10-19,,
c6ed2468-a5ed-4cbd-9c69-d28ea8226ffb,3684865f-e05b-452c-a990-253f738268bf,e007d41e-9240-4d2e-862f-f06273558d9b,Enterprise,1599,annual,12,2026-09-22,,
9d81cc21-c3d6-4c9e-bed7-1cbd67b9a808,dc044c4f-ebc5-42c7-9235-024c96c6100a,0eb4c9ab-ca13-4ea3-b149-14bce44b1623,Starter,99,monthly,6,2027-09-20,,
97e565bf-f19e-4975-b2cb-e2bb9d6f431c,1f2de95b-b620-4423-b64d-4ee3963bff12,5ec294af-f897-4f0a-91cc-17b0e0a66598,Growth,299,monthly,6,2027-08-12,,
02999799-11a3-48f3-a9fb-9ba00443a013,350b3adf-2c2e-4e8b-8d9a-57f5bcd13fe9,0626d66b-2fba-43b1-b492-6b1a3df36b36,Business,799,monthly,12,2026-11-13,,
b0b7d65d-01e3-42d0-beb6-dbe48bb1b7a3,b1204e47-645c-4594-8e23-89a87699c639,8c3ba238-3665-4b3e-969b-faaea06fc0f9,Business,639,annual,12,2025-05-11,,
c9eb380b-9e8f-4991-9d89-f625286ef8ab,01d3aff1-4dd1-4ab8-ba83-3e2b4b75f891,ad67585a-0b32-416a-af7f-dfaf4501423f,Growth,299,monthly,6,2026-07-16,2027-01-12,voluntary_pricing
a4c7d0cc-d1b8-49f1-a454-92170a1b63d2,4783a54b-b4a1-4e09-bbf0-3e8f7fdbd4d2,e9d35379-fa1c-4e30-a62f-4902b960bdd2,Business,639,annual,12,2027-05-07,,
34671e45-d92f-401d-af4c-fdf2b747cd8f,99827d34-ee7b-4fdc-8edf-70ce1e11d5c7,03f40404-edee-4d56-b0e0-7f46945c3696,Growth,299,monthly,12,2023-05-08,,
fd08108c-1667-4cef-abc9-ecb57e0ecb6a,1fc12956-834a-44b2-b916-48f2eb26cb78,8128ab98-6cb2-4a5d-ba2a-a3bef3aad3e4,Enterprise,1599,annual,24,2024-09-13,,
4b0dd200-8bde-4a6d-b893-0045ef5bcabf,7da3ae35-1e83-48f0-8630-a17180b5ea79,4912cfb2-686d-44c2-b2ff-9e0e1b3fe028,Growth,299,monthly,6,2022-10-08,2023-04-06,unknown
988ba0d8-eb85-498b-a59d-1d36ee47924f,e22df13e-ec9e-432a-a880-46b1a22c6733,f1491d85-dc18-4f8f-862a-cfe547425f40,Starter,99,monthly,6,2022-11-28,,
2ccc8cdc-452c-453a-bf94-709e8b084c2c,7f7579e0-1d96-4e7a-8ef2-3321c2127d2e,c51f5238-8a94-459b-8121-5091fa0ad344,Business,639,annual,12,2026-07-11,,
74653d3d-f8da-46ad-a2e6-480ad985d333,29ef7454-792b-4dfa-92d8-3e1e5d108c92,0e6ae81e-bde7-4273-8183-268ea54e7f6d,Growth,299,monthly,6,2023-07-02,2023-12-29,unknown
216b0f3d-1bda-431b-b43c-f444c073c923,6b87f226-e633-4f6f-b029-77ad9a99f8d8,33fdd262-d248-4dea-8fbb-0512dce120ca,Growth,239,annual,24,2024-09-20,,
059b1c27-19c7-453b-9a72-08a50900a21d,c99571cb-96ec-443a-af64-184a404dfb99,d11183a2-b321-48c9-93b8-0ab2e9a36d71,Starter,79,annual,12,2024-10-01,,
7db0bd89-289b-4a61-b36d-58a67d198c5a,e22df13e-ec9e-432a-a880-46b1a22c6733,e613d5fb-a31b-46de-8d6e-410e68435716,Growth,239,annual,12,2023-11-26,2024-11-20,unknown
e41c4d97-48ff-449d-95c5-c6266d6b70c1,1f2de95b-b620-4423-b64d-4ee3963bff12,0c19d822-9c33-4806-aab8-d7a34a8d74f8,Business,799,monthly,12,2026-08-17,,
229a1b01-f07d-4094-b2f8-433edf262c0b,2ffe5941-748e-4970-a913-f9e30e7d516b,4b1dc550-fc81-4f69-bc90-34c1b96668b2,Business,639,annual,24,2024-09-11,,
55693311-8e04-4e9f-baca-1cf7e5588223,c42ba9d7-8267-4db1-bae3-281e1ab08e34,46b6ca8b-caa1-4a43-9bd7-fbe3bff88d16,Growth,239,annual,24,2026-10-21,,
1a875648-27f9-43ab-8d51-3a1f05eb3682,76c766cc-16bc-44d0-8248-0f472b219ba2,12ab5ddc-83e9-4368-89bc-40d98cef50df,Business,639,annual,12,2022-12-21,2023-12-16,unknown
613dd4e5-2151-4308-86d1-586e2ee2b961,6a19aaa1-08e9-4edd-86cb-230681041e94,871a29f6-aa04-4746-a93f-f20ae1a08b24,Growth,239,annual,24,2023-04-25,2025-04-14,unknown
f49f721a-ab8e-426e-8e07-389c3a0327d2,14dc0617-4327-4ebd-94a6-2b135362a054,8be62e02-3d65-4e97-9750-ee37872cb362,Growth,239,annual,12,2027-02-11,2028-02-06,voluntary_competitor
76940304-5fad-45aa-b616-dc26fe45b00c,3684865f-e05b-452c-a990-253f738268bf,86848027-e4f8-4746-bd51-8dfb837aee51,Growth,239,annual,12,2026-04-19,2027-04-14,voluntary_competitor
7babceee-d48c-46d0-9569-b76c756c3b3d,1f2de95b-b620-4423-b64d-4ee3963bff12,0a2e7050-d8f6-40bf-8f82-31c7dbf1be1c,Business,639,annual,24,2028-07-21,,
990e60a2-efc3-4ce8-85e7-91d0985bf796,9376d1ea-2600-40cc-99fb-35300bcdea39,9397f1ee-cdb6-4c03-a1e0-7df5d83e49a4,Business,799,monthly,12,2027-05-12,,
793665f3-b2e4-45e3-b771-b64bf4ddd79f,40184e52-1dd6-40a9-b704-35b0db128b89,2a46e8e9-6171-4a98-959c-dc8a58188013,Business,799,monthly,12,2023-06-06,2024-05-31,unknown
9ca7ce22-f292-41f4-80bc-bdcc5e453f2b,c99571cb-96ec-443a-af64-184a404dfb99,45756172-1aff-47be-8180-046ded0381cc,Business,799,monthly,12,2025-08-29,,
3afd036d-8c57-4796-a013-1eb65e82137d,ad59dbc2-d414-45b9-8368-35937435f8be,56fe11af-dc9b-4c1c-a077-ed603080884c,Starter,99,monthly,6,2024-02-08,2024-08-06,unknown
4d885a35-1635-43d8-9cb3-3d0d94ffc19f,03f44929-64c8-4aa3-ac3e-61b64e595bf4,ab87d1d1-ecea-4d1f-94b6-62c83f42dc79,Growth,299,monthly,6,2022-12-13,2023-06-11,unknown
76a034d3-b9d8-4b5e-9953-2a7804a7bb7d,0dc27ac9-db4b-4974-891b-fc7ef6b303a7,4fad9750-3f5c-483f-b8c4-032f96c5f30d,Enterprise,1999,monthly,12,2028-02-13,,
c1d2eb41-1a87-4352-bb80-622dc9e8d3e0,2c930408-57bc-43d1-a33e-8490342cf141,bb5a444c-a6b4-4d52-8f17-8d562c369c30,Starter,99,monthly,6,2026-09-02,,
215be40c-cba2-4356-8492-4763d6ce204c,00907667-7625-40f3-bf44-59f2290cb639,901b841b-9737-4e84-868d-d9919ab6bcbd,Starter,99,monthly,6,2026-11-15,2027-05-14,voluntary_competitor
6c500f84-dc44-4daa-a1ea-8f8d7055b7ce,45d69cb3-4a43-49d4-bff0-ed3388c9fca8,f57ddcee-3ee0-451f-b1c5-c244111a57ba,Starter,79,annual,12,2025-08-19,,
60b42ee3-a277-4754-91ea-3d8cb63f5833,bc4469a5-90b6-4634-9dea-858bd6281208,3ddae6bf-f5fd-4524-a3e7-16ac9f810935,Growth,299,monthly,12,2023-07-11,,
706108b7-3aa2-4d01-926d-db3792d1fd44,e4279b69-3edf-4567-a315-ce94d06f11ed,33265896-a501-43eb-97a2-16be9a28814e,Starter,79,annual,12,2023-11-05,2024-10-30,unknown
9dfec1e2-5af9-4b14-88a5-7693f6549a31,0ac9ee30-e659-4fa9-b31c-47a742d3cf6b,d5aebc2c-b92b-48cf-9090-46d743717afb,Business,799,monthly,12,2024-05-31,2025-05-26,unknown
4737186c-09b4-442e-b82f-38a459eab78a,6c15ab62-91f5-4e9d-bdc2-57ff7ef295e8,0c06a7f8-0fc5-4e53-b384-cb5321f5a204,Starter,99,monthly,6,2023-06-29,2023-12-26,unknown
9bc91551-c35c-4e5c-a448-15a66759a267,b1204e47-645c-4594-8e23-89a87699c639,0026c39f-05dc-40c4-bfdd-56675249cb9f,Business,799,monthly,12,2025-09-13,,
9d595773-af2f-4bd8-b26e-32673025101e,bc4469a5-90b6-4634-9dea-858bd6281208,71312537-b0ba-4216-be8c-375a4e5b8b9a,Growth,299,monthly,6,2024-02-01,2024-07-30,voluntary_pricing
1332b2a4-ffd0-41c1-94ff-536724e431e3,c58707dd-8596-4a54-b2b6-a96405b8ccbc,e5ea3a9c-ecbf-49b9-aa1f-86c26f942a7d,Growth,299,monthly,6,2025-06-27,,
c51b1f48-9611-4cdf-9072-61b78bce0c98,ad59dbc2-d414-45b9-8368-35937435f8be,33aa0087-c2a2-4846-9f85-3e32fda339b3,Growth,299,monthly,12,2023-04-20,2024-04-14,unknown
6bf6003f-4cc9-4b32-a745-d31701908216,81bd8af7-f78e-4a7b-929e-e50732ab2319,d48da22c-0a89-406d-b537-c2ceca09a5ae,Business,639,annual,24,2025-07-10,,
5d92603c-1f76-4c85-94dc-9e40d9f2a989,72b9e403-0ea5-4989-9d21-6237a1e94045,4fb67694-31a8-44db-8c54-d51abf961b13,Growth,239,annual,24,2026-11-13,2028-11-02,voluntary_no_usage
fec09d70-3795-4c5c-9f63-b9b35e570b12,32a27c5c-7904-4ecf-99b5-d826f9c6376b,30752b50-5049-43d1-a77d-f664b51e3a8a,Starter,79,annual,12,2026-08-08,,
7417d68a-b882-4aa0-bc45-bbffdff8ce27,c9ec0d6f-a845-41a7-a975-ca55f0da710a,0db0ab93-47ec-427a-bd71-3eb9176be975,Starter,79,annual,12,2024-05-16,2025-05-11,unknown
8ee74069-6da1-4260-801c-ba9733767f13,5cb2afc4-9871-4c34-92de-94d70c858930,19a8a425-5bcf-4b80-8ed1-6960428fa241,Starter,79,annual,12,2024-05-24,2025-05-19,voluntary_feature_gap
84e4a928-43e9-499b-9b7d-13205fa3472f,b092eda1-55dd-4432-998d-431afa59464a,9be4b129-f3d8-43a9-b417-1a795d71d05d,Starter,79,annual,12,2026-11-16,,
e594f478-c1a5-4e93-aaed-63345f5fcb0c,555452d9-932d-4e66-93cf-05602932e704,85d88072-a4ca-466c-9890-9fdc3ed3fc38,Enterprise,1999,monthly,12,2027-01-07,,
bd4ff86c-7727-425c-9eb2-fb4fd37616e6,4783a54b-b4a1-4e09-bbf0-3e8f7fdbd4d2,b1e30caa-17e1-438d-b75d-ee7d2ff9d172,Growth,299,monthly,6,2027-11-07,,
3a673f83-4bbb-4fd2-be03-b00a0b2869a5,d1a966ad-0c56-4678-bba6-a4a78a152c8c,f6326c1f-e47d-4e26-a138-3f355b031efd,Starter,99,monthly,12,2022-11-04,,
df2ec4ac-f484-423c-b6ee-6a4ff2759813,703cbbbb-6282-4278-a219-7a72f1cc6682,eedc5bfb-c453-48fa-97b9-a47359903f12,Business,799,monthly,12,2023-11-10,2024-11-04,unknown
27119802-f1a5-4fef-970d-b674e8a87c55,99827d34-ee7b-4fdc-8edf-70ce1e11d5c7,88e88ba4-f906-4be3-867a-c1e6c64c6bb7,Business,639,annual,24,2023-09-24,2025-09-13,unknown
d4e0061a-5249-4d5b-bef6-4b804ac6edbd,d1a966ad-0c56-4678-bba6-a4a78a152c8c,b3a8fe79-3a43-41f5-867c-728c9652532f,Business,799,monthly,12,2023-03-30,2024-03-24,unknown
b8eb1e83-a317-4e29-88d3-5abcd9cae3c6,e59666f9-c867-4d57-99b2-00eb837dfd98,b6031073-3187-45ac-ae89-2b79c227a8f9,Starter,79,annual,12,2026-09-06,,
a2154077-05ec-4f47-be3f-4a465d4211b0,545370c8-83af-4b21-babb-064a48591cb8,f5634d5c-e25b-47ed-9ad9-1ad3143b18bd,Growth,239,annual,24,2026-04-21,,
45d2789e-42bc-4684-9a63-7d28fc2d343c,6b87f226-e633-4f6f-b029-77ad9a99f8d8,34f9f3cc-48c3-480c-b68b-39684fc91704,Business,639,annual,12,2024-08-22,2025-08-17,unknown
819118be-cc31-47c1-aee0-f2f5ad539150,b7b4bc02-3f4b-4df4-ae4c-b4fddbddbf5d,8687f504-b4e1-495b-93ed-eb86f3069620,Business,639,annual,12,2023-11-16,2024-11-10,unknown
a5f23926-9e1c-4d58-8ac7-5cd9776c704b,0ac9ee30-e659-4fa9-b31c-47a742d3cf6b,c8ec1c24-bfc5-44ec-802d-28b48acff873,Business,639,annual,12,2024-07-03,2025-06-28,unknown
127d90fa-b000-4e78-b67f-a398c1d800bb,fa935132-3e3f-4eec-a817-adee0082e762,163f0d13-1c2f-4446-b740-b5087d91e2a8,Business,799,monthly,12,2023-05-04,2024-04-28,unknown
7c5779e4-1e29-4e28-9495-e423aac81756,43e0fef6-70f3-4ad4-9e1c-530d43b60448,538eebf9-607f-45fe-805f-96ae32a580df,Growth,299,monthly,12,2027-01-02,,
8c193ebe-a5e6-46de-8cc9-6357b9edacfb,e22df13e-ec9e-432a-a880-46b1a22c6733,fccbf288-e6ad-4f8f-b847-52dd0a8969c8,Business,799,monthly,12,2023-09-23,2024-09-17,unknown
a2428391-e5af-477a-ace5-ad9cee114fd8,350b3adf-2c2e-4e8b-8d9a-57f5bcd13fe9,b5bd0727-795d-4082-befb-e6872f8fe054,Growth,239,annual,24,2027-10-09,,
ae154272-eb90-45c5-9ec8-166d8727f142,76c766cc-16bc-44d0-8248-0f472b219ba2,0fdc3342-e6ab-4234-81ca-3974c92295ee,Growth,239,annual,12,2026-03-15,,
8e0479b7-1000-4b56-8b91-78188c76e4c1,2cb54a7b-5292-4804-a333-583c45809bbf,e35ca382-440e-4a5f-ba55-c70bbb4d35ac,Business,799,monthly,12,2026-03-02,,
766b3662-e3b1-4e95-89b0-fb170b093f4e,d1a966ad-0c56-4678-bba6-a4a78a152c8c,4c22747b-b83c-441b-b211-aa4d143e09a9,Starter,99,monthly,12,2025-12-02,,
58f1891a-5f0f-4e28-98c8-520a396ab941,c1c1bb23-c89f-42f7-bf5a-37b1ec11ff16,236d88aa-2603-4a78-95de-31b256371d67,Starter,99,monthly,6,2026-02-09,,
69e44edf-faa4-4e3e-b029-aa8887939ff7,06d399c3-c739-44a2-b6d8-4de6cd741e61,ed589571-1086-4324-97cb-6b6da3bc3c82,Starter,99,monthly,12,2026-02-01,,